{"dsf": "dsf", "9762785023": 1732132994.9456506, "1719065511": 1732133235.505103}